Change_ID;Title;Asset_Name;CI_Item;Change_Type;Risk_Rating;Requestor_Name;Requestor_ID;Approver_Name;Approver_ID;Developer_Name;Developer_ID;Implementation_Timestamp;Deployment_Method
CHG1000;Schema change;Payroll System;PAY-APP01;Standard;Medium;Alice Johnson;USR000;Alice Johnson;USR001;Robert Brown;USR002;2-2-2025 10:00;Manual
CHG1001;Security patch;Warehouse Management System;GL-DB01;Standard;Medium;Robert Brown;USR001;Robert Brown;USR002;Emily Davis;USR002;2-2-2025 10:00;CI/CD
CHG1002;Schema change;Payroll System;AP-SVC02;Standard;Medium;Emily Davis;USR002;Emily Davis;USR003;Michael Wilson;USR004;2-2-2025 10:00;CI/CD
CHG1003;Config refinement;Warehouse Management System;AR-APP02;Standard;Medium;Michael Wilson;USR005;Michael Wilson;USR004;Sarah Miller;USR005;2-2-2025 11:00;Manual
CHG1004;Feature toggle;Warehouse Management System;FA-BATCH01;Standard;Medium;Sarah Miller;USR004;Sarah Miller;USR004;David Moore;USR006;2-2-2025 11:00;Manual
CHG1005;Config refinement;Payroll System;PRC-API01;Standard;Medium;David Moore;USR005;David Moore;USR006;Laura Taylor;USR007;2-2-2025 11:00;Manual
CHG1006;Config refinement;Warehouse Management System;HRIS-WEB01;Standard;Medium;Laura Taylor;USR006;Laura Taylor;USR006;James Anderson;USR006;2-2-2025 12:00;CI/CD
CHG1007;Schema change;General Ledger Engine;REC-APP01;Standard;Medium;James Anderson;USR007;James Anderson;USR008;Linda Thomas;USR009;2-2-2025 12:00;Manual
CHG1008;Config refinement;Warehouse Management System;TNA-SCHED01;Standard;Medium;Linda Thomas;USR011;Linda Thomas;USR011;Daniel Jackson;USR010;2-2-2025 12:00;CI/CD
CHG1009;Upgrade module;Payroll System;EXP-API02;Standard;Medium;Daniel Jackson;USR009;Daniel Jackson;USR010;Sophia White;USR011;2-2-2025 13:00;CI/CD
CHG1010;Security patch;Warehouse Management System;ECOM-FE01;Standard;Medium;Sophia White;USR010;Sophia White;USR011;Matthew Harris;USR012;3-2-2025 13:00;CI/CD
CHG1011;Upgrade module;General Ledger Engine;OM-API01;Standard;Medium;Matthew Harris;USR011;Matthew Harris;USR012;Olivia Martin;USR013;3-2-2025 13:00;CI/CD
CHG1012;Security patch;Warehouse Management System;INV-DB02;Standard;Medium;Olivia Martin;USR012;Olivia Martin;USR013;Christopher Thompson;USR014;3-2-2025 14:00;CI/CD
CHG1013;Security patch;Warehouse Management System;WMS-APP03;Standard;Medium;Christopher Thompson;USR013;Christopher Thompson;USR014;Emma Garcia;USR015;3-2-2025 14:00;Manual
CHG1014;Feature toggle;Payroll System;SUP-PORTAL01;Standard;Medium;Emma Garcia;USR014;Emma Garcia;USR015;Anthony Martinez;USR016;3-2-2025 14:00;Manual
CHG1015;Upgrade module;Warehouse Management System;CRM-WEB02;Standard;Medium;Emma Garcia;USR015;Anthony Martinez;USR016;Grace Robinson;USR017;3-2-2025 15:00;CI/CD
CHG1016;Security patch;General Ledger Engine;BILL-ENG01;Standard;Medium;Anthony Martinez;USR016;Grace Robinson;USR017;Andrew Clark;USR018;3-2-2025 15:00;Manual
CHG1017;Feature toggle;Warehouse Management System;DWH-ETL01;Standard;High;Grace Robinson;USR017;Andrew Clark;USR018;Chloe Rodriguez;USR019;3-2-2025 15:00;Manual
CHG1018;Feature toggle;Payroll System;RPT-ENG01;Emergency;High;Andrew Clark;USR018;Chloe Rodriguez;USR019;Joshua Lewis;USR020;3-2-2025 16:00;Manual
CHG1019;Security patch;Warehouse Management System;API-GW01;Standard;Medium;Chloe Rodriguez;USR019;Joshua Lewis;USR020;Isabella Lee;USR021;3-2-2025 16:00;Manual
CHG1020;Security patch;Payroll System;IDP-SVC01;Emergency;High;Joshua Lewis;USR020;Isabella Lee;USR021;Ryan Walker;USR022;4-2-2025 16:00;CI/CD
CHG1021;Security patch;Warehouse Management System;NTF-SVC02;Standard;Medium;Isabella Lee;USR021;Ryan Walker;USR022;Mia Hall;USR023;4-2-2025 17:00;Manual
CHG1022;Upgrade module;Customer Portal;DOCM-STORE01;Standard;Low;Ryan Walker;USR022;Mia Hall;USR023;Brandon Allen;USR024;4-2-2025 17:00;Manual
CHG1023;Feature toggle;Warehouse Management System;ARC-VAULT01;Standard;High;Mia Hall;USR023;Brandon Allen;USR024;Charlotte Young;USR025;4-2-2025 17:00;CI/CD
CHG1024;Upgrade module;Payroll System;CASH-APP01;Standard;Medium;Brandon Allen;USR024;Charlotte Young;USR025;Justin King;USR026;4-2-2025 18:00;CI/CD
CHG1025;Upgrade module;Warehouse Management System;TRE-DASH01;Standard;Low;Charlotte Young;USR025;Justin King;USR026;Amelia Wright;USR027;4-2-2025 18:00;CI/CD
CHG1026;Upgrade module;DataHub Platform;BUD-PLAN01;Standard;Medium;Justin King;USR026;Amelia Wright;USR027;Kevin Scott;USR028;4-2-2025 18:00;CI/CD
CHG1027;Upgrade module;Payroll System;TAX-CALC01;Emergency;High;Amelia Wright;USR027;Kevin Scott;USR028;Ella Green;USR029;4-2-2025 19:00;CI/CD
CHG1028;Feature toggle;Warehouse Management System;COMP-TRACK01;Emergency;High;Kevin Scott;USR028;Ella Green;USR029;John Smith;USR000;4-2-2025 19:00;CI/CD
CHG1029;Schema change;Warehouse Management System;AUD-VLT01;Standard;Low;Ella Green;USR029;John Smith;USR000;Alice Johnson;USR001;4-2-2025 19:00;Manual
CHG1030;Schema change;Warehouse Management System;AUD-VLT01;Standard;Low;Ella Green;USR029;John Smith;USR030;Alice Johnson;USR001;4-2-2025 19:00;Manual
